token,themeId,themeTitle,mode,slotIndex,batchId,inviteUrl
IOuhG-W1udLafg,theme_001_game_1776417898_zthbu3,theme_001_game_1776417898_zthbu3 | 深秋的黄昏，玉门驿笼罩在一片萧瑟的金黄中。我站在驿站大…,image,1,prod_image_20260514,https://bananagame.onrender.com?token=IOuhG-W1udLafg&mode=image
_skPBeEuL3Sf2g,theme_002_game_1776418186_406ktb,theme_002_game_1776418186_406ktb | 刺耳的警报声撕裂了月球基地的宁静，红色应急灯光在走廊中…,image,1,prod_image_20260514,https://bananagame.onrender.com?token=_skPBeEuL3Sf2g&mode=image
3tU05oPIzqOruw,theme_003_game_1776418475_uho8y4,theme_003_game_1776418475_uho8y4 | 细雨如丝，打湿了青石板路。我拖着沉重的行李箱，踏进了清…,image,1,prod_image_20260514,https://bananagame.onrender.com?token=3tU05oPIzqOruw&mode=image
1P0pSqGdjrIBlw,theme_004_game_1776418746_kox2ae,theme_004_game_1776418746_kox2ae | 凌晨四点三十分，刺耳的警报声撕裂了临港市海洋监测中心的…,image,1,prod_image_20260514,https://bananagame.onrender.com?token=1P0pSqGdjrIBlw&mode=image
t692b0kOzu6vvw,theme_005_game_1776419026_gflx4b,theme_005_game_1776419026_gflx4b | 凌晨三点，圣艾琳娜魔法学院的宿舍楼里依然灯火通明。 我…,image,1,prod_image_20260514,https://bananagame.onrender.com?token=t692b0kOzu6vvw&mode=image
czMMfVqHUdZ4bQ,theme_006_game_1776419299_05783f,theme_006_game_1776419299_05783f | 年深秋的上海，梧桐叶正黄。我推开电报局二楼技术部的木门…,image,1,prod_image_20260514,https://bananagame.onrender.com?token=czMMfVqHUdZ4bQ&mode=image
1CEaf5FTwxqTDQ,theme_012_game_1776419613_9xv3kl,theme_012_game_1776419613_9xv3kl | 深秋的伦敦黄昏，雾气弥漫的街道上传来急促的脚步声。我匆…,image,1,prod_image_20260514,https://bananagame.onrender.com?token=1CEaf5FTwxqTDQ&mode=image
gGEzl3BbkQOqNA,theme_018_game_1776419881_ts9erz,theme_018_game_1776419881_ts9erz | 凌晨四点的沙漠边缘，星辰依旧闪烁在深蓝色的天幕上，但东…,image,1,prod_image_20260514,https://bananagame.onrender.com?token=gGEzl3BbkQOqNA&mode=image
GyuEwIYbROVi2w,theme_054_game_1776420257_ds08b3,theme_054_game_1776420257_ds08b3 | 凌晨四点三十分，地面锚定站的警报声刺破了夜空的宁静。 …,image,1,prod_image_20260514,https://bananagame.onrender.com?token=GyuEwIYbROVi2w&mode=image
Xefd3FsPxhwjCQ,theme_073_game_1776420517_nejnnv,theme_073_game_1776420517_nejnnv | 深夜十一点，银龙公会的店面里还亮着昏黄的灯光。我推开那…,image,1,prod_image_20260514,https://bananagame.onrender.com?token=Xefd3FsPxhwjCQ&mode=image
vJIbRyb3zCiLYw,theme_001_game_1776417898_zthbu3,theme_001_game_1776417898_zthbu3 | 深秋的黄昏，玉门驿笼罩在一片萧瑟的金黄中。我站在驿站大…,text,1,prod_text_20260514,https://bananagame.onrender.com?token=vJIbRyb3zCiLYw&mode=text
LCMqNIfz_RNoYA,theme_002_game_1776418186_406ktb,theme_002_game_1776418186_406ktb | 刺耳的警报声撕裂了月球基地的宁静，红色应急灯光在走廊中…,text,1,prod_text_20260514,https://bananagame.onrender.com?token=LCMqNIfz_RNoYA&mode=text
PEb9LbYMNg637g,theme_003_game_1776418475_uho8y4,theme_003_game_1776418475_uho8y4 | 细雨如丝，打湿了青石板路。我拖着沉重的行李箱，踏进了清…,text,1,prod_text_20260514,https://bananagame.onrender.com?token=PEb9LbYMNg637g&mode=text
mvL_HQQkwotuuQ,theme_004_game_1776418746_kox2ae,theme_004_game_1776418746_kox2ae | 凌晨四点三十分，刺耳的警报声撕裂了临港市海洋监测中心的…,text,1,prod_text_20260514,https://bananagame.onrender.com?token=mvL_HQQkwotuuQ&mode=text
8X7bK-4HF5gLag,theme_005_game_1776419026_gflx4b,theme_005_game_1776419026_gflx4b | 凌晨三点，圣艾琳娜魔法学院的宿舍楼里依然灯火通明。 我…,text,1,prod_text_20260514,https://bananagame.onrender.com?token=8X7bK-4HF5gLag&mode=text
hXGtiNoiuQWOKg,theme_006_game_1776419299_05783f,theme_006_game_1776419299_05783f | 年深秋的上海，梧桐叶正黄。我推开电报局二楼技术部的木门…,text,1,prod_text_20260514,https://bananagame.onrender.com?token=hXGtiNoiuQWOKg&mode=text
otXyEzJAZ8VURA,theme_012_game_1776419613_9xv3kl,theme_012_game_1776419613_9xv3kl | 深秋的伦敦黄昏，雾气弥漫的街道上传来急促的脚步声。我匆…,text,1,prod_text_20260514,https://bananagame.onrender.com?token=otXyEzJAZ8VURA&mode=text
NMhLZi_ymRFPTw,theme_018_game_1776419881_ts9erz,theme_018_game_1776419881_ts9erz | 凌晨四点的沙漠边缘，星辰依旧闪烁在深蓝色的天幕上，但东…,text,1,prod_text_20260514,https://bananagame.onrender.com?token=NMhLZi_ymRFPTw&mode=text
4NeK1vG-N257Rg,theme_054_game_1776420257_ds08b3,theme_054_game_1776420257_ds08b3 | 凌晨四点三十分，地面锚定站的警报声刺破了夜空的宁静。 …,text,1,prod_text_20260514,https://bananagame.onrender.com?token=4NeK1vG-N257Rg&mode=text
LgnnuOB88Ti-xQ,theme_073_game_1776420517_nejnnv,theme_073_game_1776420517_nejnnv | 深夜十一点，银龙公会的店面里还亮着昏黄的灯光。我推开那…,text,1,prod_text_20260514,https://bananagame.onrender.com?token=LgnnuOB88Ti-xQ&mode=text
